userid,gender,age,estimated_salary,purchased
e3e70682-c209-4cac-a29f-6fbed82c07cd,female,20,63936,1
d4713d60-c8a7-4639-ab11-67b367a9c378,female,48,76930,0
23c6612f-4826-4673-a3a7-711a81332876,male,57,62834,0
12e0c8b2-bad6-40fb-9948-8dec4f65d4d9,female,48,43199,1
a3f2c9bf-9c63-46b9-90f2-44556f25e2a2,male,53,92522,1
0ff18e02-42af-4fc3-8577-6e9add84f39e,male,23,82274,0
de1b372a-d3fb-447a-be5b-1e7f9ca5499d,female,33,72625,0
38c1962e-9148-424f-aac1-c14f30e9c5cc,male,27,88716,0
e005b860-51ef-4922-be43-c49e149818d1,female,24,69511,1
552f233a-8c25-466a-9ff3-9849b4e1357d,male,56,67703,1
6288e1a5-cc45-4821-98a6-416d1775336d,female,54,61733,1
2fcd81b5-d24b-4ce4-b07b-f3262f120554,male,57,64086,1
c1f254b8-adc0-4a7a-96fe-baa011af923d,male,27,35064,0
d450fe4a-ec4f-417b-b306-d1a8e5eeac76,female,63,98756,1
d977e993-3c49-476f-8fc6-e62585940927,male,61,84974,1
a425799a-a905-4750-be1e-a9c573581a81,female,23,72509,0
55d44936-a151-4607-964a-870c7c879b74,male,33,32124,1
5f3f5638-3870-4a14-b490-b6081dfc8352,male,39,85853,0
daf66c5f-2577-4ffa-887a-746319c16a0d,male,20,39698,0
9b38fe80-3042-4325-a28f-5ab01fdb8b32,male,43,41997,1
0950fd13-1db5-4334-bb03-23a1d576d415,male,30,54244,0
ccfdba9b-ba26-4851-b5e8-579a7aaf0e89,male,61,32986,1
428a1c22-d5fd-476a-99fb-eb1d9edfa3da,male,32,39433,1
0fa07a3f-2e29-4065-afa2-31e959acdd98,female,20,43227,1
e786ab37-5bca-47be-8298-17c53308fb2e,female,54,52206,0
c9e4dab2-0edc-4d2b-8470-f0e7f76fbfb8,male,28,74867,1
713b7e05-ebe2-4368-98c7-52051e01a934,male,18,91816,1
82339e23-dff3-434b-91b1-5f5de66cd36e,female,59,76812,1
27460f22-403d-4f83-a859-890cd670f668,male,47,40364,1
47e7f593-8b58-45ca-8bb2-c3f0bd30291a,male,33,93154,1
5bf49c04-ac64-4b4c-89b2-5ded9c31d9b2,male,63,70671,1
a69cfb85-d432-48db-aa17-4c1cbf9cc545,male,18,55206,1
a32c9b6f-391c-4046-bd4a-5d5128fafd04,female,42,84317,0
9145de05-b3ab-4b2c-9f26-f51766faf989,female,60,36131,0
b3969057-425c-4200-905a-da6b720299e3,male,46,99150,1
c167733f-9a9e-4310-8fb8-3babe8754cd3,male,20,94825,1
0cc36d8c-7786-4fe5-9675-ebf74fe30c9a,female,30,40940,0
f3158c0c-66dd-4794-83c5-4c71fca05536,female,38,30444,0
009a815b-c137-4be5-b7a2-8e0a03a89879,male,30,45584,0
b044284a-47ac-42f6-8d6b-234fdfa7c6ed,male,24,92338,1
4653a560-0597-4ab6-94d3-0dbca0acf4c9,female,25,63618,0
a699bae0-d138-4150-8557-716aa7502a81,female,25,50242,1
0a68e88e-0ad4-4415-84c1-4982d9ead926,male,61,64035,1
914591ae-f03d-466a-9dec-c06af24dfdd8,male,65,94813,1
df14c612-5f58-45b5-af79-0959a3e04b3b,male,31,79227,1
4578bab3-26a9-4465-a371-ea2c0247145f,female,39,78129,0
09215f4f-9edb-45f2-8787-ddfb5697f17c,male,35,51477,0
5c646036-4a1e-41b7-955d-0e77fb5eb866,female,53,46992,1
3d5d60bc-bb03-48eb-ba62-722e1d69d9fc,male,37,53538,0
5419eefc-d5e7-4e3f-a736-17d94d7bd307,female,44,44241,0
79585e69-7b2e-4b82-a89d-c8158f928dc5,female,39,46295,1
6d316b4a-7f6b-4793-b318-ad4c1db2b452,male,37,73919,0
90823eda-a072-4aa0-aaa3-6cf7eb70ba65,female,58,41393,0
bff773ce-32b2-4492-95ac-e7a1ceca2ee3,male,21,80438,0
84dd6da6-8e75-4eb7-a4d0-9913191b8adf,female,46,94044,0
385af463-5e4a-4862-956a-f4586c4c3935,female,55,51834,1
1058fe8c-1d71-43e5-9bc7-fdeb31234efe,male,51,89193,0
41a8a6e1-65e0-4993-bf41-1fed1e70e799,male,59,35518,0
32ae2a20-1ac9-42ee-a577-7cf09f982188,female,42,77401,0
fba52e59-98a3-4736-bd1a-c7ce1ad0a6f2,female,27,83203,1
ade7cef3-7ed2-4c2f-856f-3d95e0ae1a1b,female,49,95358,0
38018399-ee6a-4e2f-9c19-ed348af58903,male,39,71714,1
dfde2281-25fb-4f3d-866d-7002091472ad,female,56,50434,1
b4d4dfcc-b7d7-49cc-8b5c-a436953c178e,female,22,41094,0
0a66dc4e-2168-4081-b99f-8a8f10fc9eee,female,18,88797,1
261908b9-ccf7-49ab-a922-fbd8dca5b353,female,41,96191,1
089b30a0-809f-4923-87a1-798fe6addd9e,male,61,97895,0
c12ea9b8-e7e1-4ed8-ad26-5dd8bf391fbb,male,36,84767,1
63794035-f8e4-4086-8a81-9c6fd872298c,male,19,30031,0
4124405b-91fc-4e88-81c1-6e984d6cd782,female,22,94685,1
c5c14262-4d84-4ec5-9334-886ff164f9d8,female,42,80289,0
209818d1-ef7e-45ec-a417-956f29ee7f3d,male,36,73781,0
6af944e0-7b38-485b-8932-f5b6f11ddff7,male,49,40698,0
69407be7-5a4f-4145-bc98-c279cf6f111c,male,57,91116,1
788c31f6-19fa-406e-8c0a-59677579501a,male,19,34255,0
b3386c3e-1af4-487f-92eb-dac5a1457899,female,30,80254,1
9c30ceaa-0f66-432d-a19b-58371c6a4b5e,female,57,74284,0
9f3dd894-b6af-48b2-aeba-42d0f8303249,female,26,80809,1
f521ca9f-df5e-4f78-beeb-b4eaeab9221b,male,51,54789,0
5f1ff97c-71cf-4814-a45b-d776c838a145,male,47,76734,0
ef2d9a38-e6e4-48df-8b6d-9611f4dd05d5,male,49,63473,0
91bacf80-aaa0-4996-8522-dc4ef1dd50bf,male,32,42252,1
1d0ab994-f20b-475d-8e28-e67481d1bf06,male,45,85319,0
101bb5fa-6a67-4623-9ad1-daaaef8d9ff0,male,44,50467,0
afb918c8-6e5b-4c20-b25c-2675ca9571e4,female,19,95093,1
5a3da367-141b-4a1b-80a9-78bfb8f8903b,male,25,77088,0
028d042b-2d8b-4b41-990e-83da586f1721,male,41,39242,0
a8b56f85-346d-4b7e-80d3-d1af353e0c86,male,65,30941,1
eecb325b-064f-468d-b080-e0035e7f503c,male,27,54509,1
b51d70d8-582d-4972-ba08-9ca81cc5a8a0,female,26,33661,0
f5fe0213-792e-4d75-95c3-6c3d5cbbc080,female,36,72858,0
1a42b629-14af-4646-be32-16bd97d01e70,female,28,79360,0
390a9016-cdec-45da-a00f-7753f217faac,female,50,61829,0
5f59aa2c-4a82-406a-af16-fb50c13e66af,female,60,36062,0
13f2a37c-64d0-4759-8542-bd7599e8c828,male,26,85080,1
ed28508d-bdaa-4bfa-aab0-15638cffbbb1,male,55,85337,1
3f80c31f-15a5-412c-9ac4-b6c7a31034dd,female,58,78399,0
6acf49eb-0228-4fd9-a89b-ba65605dd4d6,female,46,56737,1
174f7a54-788c-461e-b3cc-9d8a4b1678e4,male,24,66303,0
27649a62-b02d-452c-9b05-0db28ee4fd02,female,43,54298,1
f5a3e893-3f7a-4748-acbb-93c26e84f8ea,female,39,98596,0
a32652e8-a1ab-47c0-b662-29cc5af95c78,male,48,56691,1
72f774b1-b2f1-4ef9-9486-44820078cb12,female,18,58669,1
a100ed14-fa92-4d28-84c5-36fb1d4d1180,female,52,50476,1
17b18e6e-78af-458e-8058-a332b4cfafa8,female,32,83124,1
1eeed219-0588-491d-bbe8-6a8ea1cf0d1d,female,60,35314,0
e3fbdbda-86ae-4d5c-a5ff-6adc41aef3f7,female,46,43373,1
c15648ff-df0d-4301-888c-ac4e5a9414b8,male,56,41175,0
4e3c0f2d-4332-459d-8ad0-0273120961ea,female,25,99492,0
29deb984-c312-47fd-ab83-af16e404d808,male,44,67970,1
85e74250-92f0-48b8-a269-62278513d91e,male,52,43802,1
674610eb-8b27-4c29-a274-c0d7f4a5cc36,female,36,87981,1
2835bcdb-2347-424f-a0f9-c0749177b6d4,male,62,45796,1
23b870f3-77cb-4a27-974f-dedc66b62087,female,40,91953,1
b1d792a0-7d25-4efb-ba0a-02ba37cf8025,female,49,37893,1
7eda9ab9-bec6-4ffe-a48f-4a254cd8ef24,male,57,58274,0
e377b008-6416-49c0-b8b6-1daf5afb9565,male,51,38710,0
ecb3d561-bdf0-4015-b305-ee95afb120f4,female,18,77353,0
ffeb5d5f-00f5-40f4-9ef1-c8461dbc24fd,female,58,68342,0
49b564fb-92a6-41d7-8069-c54224039721,male,24,86887,1
2b12c92c-6256-4a95-9487-b5c3b7626f49,female,44,87051,0
25c29b6a-b575-4c6e-aee8-4bcb7281b8a9,female,26,57376,0
fbc59e92-ca12-49ad-9963-05b371b221e4,female,45,94481,1
3239d04b-cbab-4b51-b85c-5fdcbad3116b,female,31,36526,1
15ac15c3-a217-4f25-bbe9-57670884fd16,male,41,37469,0
9ccd3e1f-4c2a-4daa-9c5c-11eb3baa17f9,male,63,97124,1
5a62ddc4-e209-4f49-a0a1-0d2bc57c7998,female,47,37070,1
413770e2-7d7d-41f5-b460-d20d94b9cdb5,female,31,74196,1
29b10823-0d74-4256-8b36-f3cd0acfeba4,female,18,67985,0
6d80ab08-c963-4148-904d-ff6623f1b67e,male,56,81971,0
9bbac838-56e9-478d-b15e-80807425f4e9,male,56,41222,1
e4bacd78-74ab-49fc-8930-d17952ab793f,female,34,33778,0
35a7c6ed-1482-4a89-9e63-64c630ac79dd,female,30,56426,1
4d236555-bc50-44ac-baa1-72acac33f644,female,51,80419,1
b6651d6e-df39-4caa-980c-79fc7b69e690,male,20,70083,0
b97fb3bb-7ecc-440c-b5ff-93f0025b7c5f,female,21,84017,1
15eae9d2-1e3d-49d0-b0aa-f52575e417dd,male,33,42940,0
36a5be06-eb52-4e01-a25e-651269fcbef0,female,57,40111,1
d44f85e7-e2f8-4051-813c-66888f1b5be1,female,20,53643,0
d7285256-20ca-45ab-b855-3ac87d718591,female,40,71890,1
4916e844-e64d-4d91-8e9b-185e1b770deb,male,63,68881,1
89421c6d-764a-4510-9acb-a5888397d412,female,35,60380,0
b63f83c6-c893-49e9-9d68-3a9e1e651ac1,male,29,84350,0
bc6ff6ac-e139-415d-88d8-b9ef37d316a4,male,65,97539,1
627b585f-1f2d-4275-8cbd-c014dbedb42e,female,25,77042,0
8bf06f64-b417-4592-b76f-c5b2acc512df,female,32,61475,0
53ca8c05-acb5-459f-8eb9-876884a5b1c3,male,41,92949,1
cf4bb315-2325-4d81-abdf-b7279501e917,male,53,96171,1
06792b47-a283-4536-95de-cd6e5df2e073,male,43,50348,0
22b56be1-1392-4255-bdc1-293082ae752f,male,49,57978,0
3bd3147d-d0f0-475d-a1d3-2e24bb891746,female,40,47372,1
9db3466d-1ba6-4c61-aaf9-4919e69b7971,male,51,77004,1
f568c9c6-033c-4469-8f06-ea1874a26444,male,53,51369,1
7b1d4049-bcc4-416d-b40d-2a37cf2a2198,female,63,40324,1
b4134208-66df-4b1e-9ab3-cc27232f8c5b,male,38,68237,1
09cd3bdf-356a-4737-8f26-70d2f19b43da,female,64,62716,1
b9cde60c-ab1e-4794-b0f2-297adceb2013,male,34,75111,0
92d6ff73-5b3a-4595-8458-92c14e0e15d3,male,64,49820,1
0fb2de1e-a0b9-46c2-bdb9-31ce05a0f421,male,33,35893,0
53a081a6-a764-4989-b20e-8bda39cc6d88,male,21,75210,1
376e22a6-ec07-4cf1-a476-38ec22c71d04,female,45,48619,1
542d19c0-a629-4332-ad4b-a5a44fdc1351,female,42,31262,1
8805ae31-88a0-4dce-8384-860ce413961f,female,20,46068,1
00cbd313-2bdb-4720-a3ea-a07ff436498e,male,57,97362,0
d7133061-3cc4-4772-947e-39181463c5f8,male,33,32880,0
af044a8d-d69d-4137-89a5-7cd1be28e8c5,male,63,40287,1
1a895c62-990e-4f01-9d5a-acc7ed7a6edf,female,63,49670,0
bcee9d29-ce4f-4ca0-971a-a4f640a21015,female,19,34760,1
abf0f4bd-4af0-46fe-9bbd-d1f416f14aad,male,47,60952,1
679b29e8-c0c3-4da9-bc49-b58e298b7e5d,female,35,94528,1
e689e5e8-87c4-4eb8-8f8e-3e0103c8e104,female,53,91461,0
8d56206d-920c-4de9-8823-9867c5dd967b,female,61,35020,1
675e0c52-1eb9-4739-b8ac-dd816522ff46,female,49,36704,0
08c626a9-fee4-46bc-bd6d-eb9245e695b1,female,61,67981,0
571c9d78-8429-4eae-877e-5ea1c33993f2,female,34,57390,0
ce0755e3-5456-4b12-bb52-451d90e7e1a1,male,55,99832,1
e642965c-de38-4aeb-aa96-abe6299cf16b,male,39,31191,0
583678ee-f3ca-4f64-a7fa-8b8a909b471c,female,36,68459,1
99c7abea-6756-464d-8864-9f787eaf1679,female,28,30132,0
20379089-711f-410a-8b29-75c6918ff358,female,18,92968,1
11fba56e-300a-4187-9cb9-f9aabf4ddeaa,female,35,52784,0
284b7bcd-a3af-41d0-a8ab-29f110339310,male,50,80423,1
037d9752-48f3-431c-8fb7-c3bb4408c04c,female,63,66757,1
5163de1d-8df7-4267-86fa-db0e89b1e0d4,female,30,86583,0
82e7448c-c003-4457-8184-7803d840fccb,male,60,80350,1
8fc4edd3-094f-4d5a-b313-c0b076d142d0,female,58,59924,0
f0fcccc6-fb46-4d39-8772-c3475cba9be3,male,61,55494,1
04e6748a-7f3a-47dc-b339-0a6ea0b87e45,male,54,61729,1
ed2ee36f-c211-4eda-b1e7-ea9b2f6570d7,female,22,88743,0
dd1f8e30-731c-477a-b6bc-a2a2be792965,male,30,51559,1
6d3f4b37-ed90-41c1-90b2-e6e5ec6e61bd,female,35,63120,1
5b2d81cc-c602-4d20-81fa-924ee1bccfb2,female,23,70241,0
402492a3-c334-4558-82ce-e5817e15aa2c,male,43,80675,1
ac4ebce0-a02a-4b21-a2a7-d0fcc683ad33,female,62,35035,1
2076d932-919c-41ed-9471-33e75ac5f4f0,female,38,33185,1
22a5a421-858d-47da-abc1-6f6979460978,male,23,75538,1
b7a02afd-30d6-463f-91c2-72d801267789,male,60,91748,0
d855fb35-d763-4159-ad9a-189a50852f4f,male,38,81465,0
a2b4d215-c3c5-407d-be29-2238fbfbe602,female,44,48629,0
82f1240d-4e5c-4dd2-9dda-17a36779de0d,male,28,46434,0
a4531fe9-b48f-453e-bb1b-cb6be91e70af,male,64,98106,0
be80793e-b0f1-4b1d-8e10-fed6d2d07223,female,29,75180,0
d03459a4-2ca7-43c4-8f4e-d44214aaaefe,female,30,64205,1
c846bf90-40fe-4898-b56b-9357b34dc8b0,female,51,89831,0
8d7f7ba5-72e6-416e-a671-0ad2c1b5468a,male,20,53195,0
d15b5985-50ea-41d2-81f8-190be55e44b8,male,30,89840,0
28cdc38a-85b3-43d3-b56b-6c0dcff0c8ac,female,59,47678,1
8b1f1137-0ea2-45e0-8e50-c79ac5826444,male,51,75007,0
1a9e8547-147a-48ac-865d-8e4ed01e488b,female,56,76179,1
832c9b79-60c8-45a0-9560-e64c55f7792a,female,58,45577,0
2ebed37d-05d1-46b6-acee-c38d511fcda9,male,19,74287,0
0fe1cedf-a538-4901-a9f1-2ccd0b4cba0a,female,42,36846,0
ed469bf4-d5cf-4dc4-ab1c-3ba45b9e42d0,male,44,37078,1
9ec12fa2-e6df-42ce-9aa9-09f15adffd04,female,61,70598,1
74279656-07db-44e0-ae40-25346987b052,female,30,80811,0
06b42b6f-1f94-43c8-98a7-75945b8c4949,female,19,53211,1
e5a1bdae-a747-495e-b0c9-52af9db31510,male,38,89831,1
0d3dc6aa-dba4-4b5e-9498-665b79fe0a1b,female,34,33643,0
5567a84c-1480-4037-939a-4bb0d62b68d4,female,24,91785,0
a022dfee-843f-4606-a8b7-e2da277e5c18,female,20,30095,1
8c5c192f-f1c5-4dda-a828-03705672ebc7,male,28,52887,0
f172840f-3e19-40ba-ae09-ccfba3dee81f,female,19,93296,1
a2bb6283-3d83-4d7c-b9f7-06d40b4ea16d,female,39,52284,0
e0db22d3-29e3-46ad-b9dd-c4775a220eb2,female,47,77616,0
03729e33-c550-4d2b-909e-7f7862f25291,male,55,30738,1
fff83cec-2c05-4870-8d34-bcd7b7ed75b4,male,19,33298,1
0c15a575-09c6-4c1d-80f2-460382951fe0,male,54,49358,0
c9a6e611-613f-418d-896e-f1a5ac707464,male,44,87181,1
2348e1b7-ec2b-4e21-bf7a-38e0b6118bd6,female,50,58398,1
90ec8374-6862-4c24-a13a-6ad812b34a24,female,24,86562,1
399bcb79-61ba-4a39-b89c-3c723ee29e68,female,33,93069,1
d5e8b89c-11ab-449d-94d5-0a99eba08424,female,35,99020,1
9c921e7f-9aa1-4cd6-858f-e8d58ad6cc51,female,33,66212,0
cc4e66da-de09-49b9-9252-6d459c684df1,female,58,43980,0
06dc1579-6476-40a1-b6a6-59ef24eac3f4,female,64,81525,1
75ef8aab-b693-44ef-9ad5-66c3ecb03f48,female,28,52230,1
9717aa6e-28b4-45b9-a93d-993c796f9881,female,50,44747,1
5b8d11ba-a0ec-4e5a-a487-8d19586d7f41,female,58,97989,0
41f4317d-f514-4524-a08c-28eb3218efbf,male,64,72555,1
4a863655-0a9d-499c-a269-8c2d614f1ddc,female,20,83811,1
58ccf9b4-354a-41bd-ba56-12f7600aa45e,male,26,44457,1
93a25c9b-6e3a-42d7-87fe-6a4e2a6f1e47,female,47,39983,0
b9e8e4ee-8b7f-4d7a-ace8-d7dcc71d92d6,male,28,50049,0
867a4ac9-079b-44e5-ba6e-8f122a1ace85,male,49,76789,1
af273f40-55cd-472e-8b10-cf68b7691470,male,44,64310,0
f7f1bb27-8066-4563-a0c3-0ce957ac59f2,female,52,48950,1
8e33dcab-be68-4e2b-bd63-7b3afc0b1519,female,33,79619,1
82f4b48a-78a5-4d6b-b2de-d00f63e86951,female,44,83254,0
25cc2478-276d-4e19-b924-e06aaef5baef,male,55,97779,0
b2b4c281-a5b9-4ee8-877f-0b62b26489f7,male,56,97299,0
9d4319b5-bb5f-45c1-b044-5ebb444517ef,male,42,41190,0
5cb6f1f0-e475-4694-9d8a-c1a902af3382,female,38,44174,1
40fe81ec-b259-46a0-9591-99005e7cfaad,female,32,50846,0
ebba80d2-820b-451d-9b3a-efa6c7d02862,male,19,51864,1
702cebbe-3544-4189-a920-46339bb68cd2,female,34,32774,0
e29b24d7-2bdc-4c10-a362-41c3eb6ec9e0,female,54,37032,1
a4e0ee5b-1638-425c-8d66-65d8edf2a720,female,39,60552,1
1a0ff218-9eb8-4325-badd-8fed0a02da60,female,50,94261,1
3ad23fbf-2e57-4864-83eb-280e79017990,female,28,69643,0
1188afa1-f660-4fd5-919f-c1c474f8c57b,female,43,83737,0
d0813d92-3aca-43f2-bb77-7bf243f98cbd,male,36,48490,1
a88f58c1-237d-4b90-981a-218ecfd64560,male,60,47931,0
6783b0c3-dcae-467e-8876-daaa01ce5fc6,female,63,44030,1
c7afae8f-dfec-42ae-98e7-60bf8f3e64f4,female,24,30674,0
fbf70946-d6ad-4066-bf6b-f51b3a05c0b7,female,35,59440,0
f474b1a4-f268-4ee1-9ad8-712d7ee1a2a3,female,23,40158,1
bd2cdb8d-39eb-4a32-ac1b-681192dbd613,female,42,49067,0
be0d24ed-3306-4611-af96-a21449b3fe66,female,60,77076,1
d4c667bb-211e-45c3-9cc7-53ad6264190f,male,43,76538,1
5fba6dc2-b594-4706-a7fb-881e3a88a4ab,female,45,66360,1
c42bf4c4-c46f-4825-a69f-f1b9f902d6c0,female,24,92878,1
58116722-277d-4c7b-b22c-353d1ee1723b,male,65,54502,1
ae5ceb3d-1c27-4035-ba8b-e1617fd2770a,female,42,90924,1
ffb59512-fa04-4706-af8d-ff9bfae3fcee,male,61,82335,1
849648e8-5084-440f-bb8f-5fc77c96eefa,male,23,91835,1
3a357442-f325-4875-a417-2ba364eec62b,female,21,35300,1
b9b5c70e-3346-47c6-8372-49fd17ee2fe6,female,29,44825,0
073c36ba-5d39-4bf9-b2da-a1f6cc16014a,male,20,31060,1
1dd26234-2131-44bd-8127-5a6388da091b,male,23,91091,0
e583847f-852d-4ee5-8061-fd30d9073286,female,22,53217,0
61c61ae4-6a59-4b07-ada6-78063a19607d,female,18,87122,0
0a8bc856-c3ed-49b7-b9df-727561994015,female,19,75490,1
743397f1-ad5b-4bb2-965a-f699d3bb63d7,male,56,97768,0
b6ffe12c-1a6f-4c9a-b1f7-e90f40709bd4,male,35,33162,0
22ca9fe8-a8aa-4d13-85a9-18d19eede43c,female,31,71882,0
1eceb5e5-8018-41f4-820d-15c66bd1f046,male,62,92208,0
7844c2ac-729b-4820-a4ad-24e2824d9e96,male,47,74540,0
141bd896-6092-4d2b-8122-9d756a8d3e84,female,32,89480,0
ef617cac-c674-4244-bb05-6d0259de5319,female,19,88589,0
c3a31607-f565-4d00-a7a4-eb268d6e44f2,female,32,86293,0
241813ef-799f-4e33-ba2b-e04940d2d16f,male,46,67161,1
ee8f0e09-9975-4cb9-bc76-a592a73e3f3b,male,51,41476,0
a182e35f-848e-4c98-aec9-fa674cc672fc,male,21,50330,1
9f2d5db8-deba-489f-959d-e20409642b31,male,47,81157,0
2ae201c0-312a-4c3c-bf00-625769560c06,female,21,74428,0
84eaf943-2ee6-4e21-93fb-2ed1b9534807,female,27,94676,0
3e332f35-086c-4768-b0fe-3cfc991ab513,female,56,71639,0
2258edf3-0ff0-452a-8b25-91c40021b632,male,46,59359,0
840658d1-c1da-4d39-b735-0626dca8b6fd,female,59,67538,1
29c836e0-3130-4e46-af79-75467e5168dc,female,53,76731,1
a9c9a24e-fd72-4837-b05b-acc2640ca20c,female,47,38824,0
c06bad38-1d01-4478-8110-412c38431ed6,male,43,90801,0
0bee2ebd-b447-48bd-9e2d-2454e46232e7,male,43,57174,0
91d2125a-95e1-4cb6-a98e-ecbada98da57,female,52,57586,0
22e9e671-ab34-4860-befd-320bf5efaa99,female,37,79826,0
bb00d206-f854-4953-9ad7-3702140a642e,female,18,56732,1
4fe4b735-5c29-46da-81d7-fbe99df497f1,male,65,33045,0
0723b796-dd95-49fc-b7cd-0b759d263e76,female,27,91047,1
4748f7ea-7278-4d75-97f0-bfcf1c351dc9,male,42,80339,1
438dc8b1-9719-44f8-92fb-05ca3a724b9f,male,20,50288,1
7c2b940d-9045-4445-958c-d60ea07f7f47,male,51,92841,1
df4630ad-baaa-4300-a2b2-2fd551c6a2e4,male,25,86917,0
07f79ee0-e299-4b48-a449-213ac2fab184,male,63,86330,0
43a061c4-45a1-4970-a11b-26b008236adf,female,25,75065,1
a31cc5d2-cd96-46a1-9dbd-c6ff5fad7a0d,male,65,37812,1
29530a13-0392-4935-8d5f-52c083f0ba77,female,19,63797,1
fec24805-feea-413d-9813-32c2233e3834,male,57,84742,0
854ca896-1aac-4ca1-920c-904e4063d525,male,55,46811,1
c82a6c15-d733-4669-852d-858508df6b19,male,40,42689,0
a9d21bf8-b195-4990-ad5c-6415fedcb8f9,male,43,56398,1
b883a8ea-44e8-4604-a870-2bb15931c9b4,female,53,56318,0
fbcefcd0-5050-432c-9406-2cce773a13fb,male,35,30059,0
4ef0ba9b-53fd-4516-91bf-babaa908923b,female,20,41084,0
2a9e9a38-1d5a-474c-8da8-40fd4adb0798,female,30,97201,1
6a2465cf-16c2-44aa-b2f7-8920dd7516f5,female,25,40534,1
4bebcf4f-2c94-451d-92fa-3935ff283550,male,58,87272,1
021ac45b-d5e3-4aef-85dd-1ef0080638c9,female,22,71040,1
faaf500c-a74b-4d20-8c3f-a29ffa4b0bc6,female,21,62612,0
c9345ce7-0e5b-444c-98de-cbf642734d1c,female,44,66814,0
e9184b9f-5010-49e2-b367-dbe240e3469f,female,46,46106,1
0d20f686-854d-49b6-ab66-b1c05fdd5329,male,63,92563,1
4eec95b0-14c3-4b50-bd0d-aad007d5e121,male,29,46866,1
5cb76bb9-c0ff-44b4-a4bd-7d5703e3c25b,female,25,99118,0
677abeb7-44bf-4434-881c-e3f97ff5101d,female,48,37648,0
86343347-daa6-426a-a30d-04fdb58c1e9f,female,30,62665,0
c9f35bf8-4d03-4bdd-8c86-9dea38a7ac54,male,29,62820,0
d214f218-dd3b-4d93-bb8d-dd5b2e665ecb,female,63,50557,0
e18d99ce-20fa-4cd3-8f5a-5adec21d3ead,male,65,62499,1
cb85eda6-db01-48ff-9e21-c855cc713ba6,male,64,90408,0
618a4763-2af5-45a3-a97b-85380ff73f25,female,31,80437,1
16018cc6-db16-4641-a074-17e71a608f0d,male,23,31382,0
ac91c01e-734c-4192-a557-8e91bee5f64d,female,44,75258,1
e47c98ea-139e-4ca2-b9e7-f780421cf262,male,55,61807,0
daace3a3-c2f8-4ef4-8b9b-cb7edba620f1,male,50,38786,1
c7281f15-b5cb-4690-b35b-3a803fbdaeed,male,56,96805,1
59e8484c-25d2-43e3-992e-7dea03743263,female,41,68974,1
ce91e0c9-7abd-4241-85c2-b1052234c40f,male,56,82023,1
23aa9e67-70bc-4ec1-8d29-d77a793910e6,female,36,73499,1
6175f16a-9a64-4c24-a34a-cc3eda68fa2a,female,55,82595,1
9090d244-c1d4-4db0-909b-f39cacb1691c,male,30,86534,0
8278e1e5-2adb-4a67-83ad-d75843e1592e,male,56,97814,1
6ef4d6b4-424c-422f-977a-a515eac503ff,female,47,99038,0
f7de1a61-31bf-4b36-bac1-14b5ca19e5a8,female,47,39014,0
db0dff11-1a6c-4c25-98e1-6bc0338589c7,female,18,58387,0
f73c3dce-e83f-4278-ac70-29019e3f4f15,female,57,65084,0
0438b3d4-a81b-4fe3-bda4-8455acac00dc,male,56,51951,1
649ec503-3c73-4aea-9273-dcbef65a1a2a,female,65,77615,1
c8359b91-6e93-4faf-9502-e1d5167ad089,male,62,33241,0
45c55e39-881d-4ee1-9808-2cf303a769aa,female,65,57343,1
cbae0e93-2f39-4045-91bb-91c132620328,male,49,49811,1
e919b5aa-f0c9-4bea-a0a1-f43f9638a3c7,male,18,37098,1
a5794917-0806-489a-9abf-3e69e5bcd7ed,male,50,41169,1
ea8713d2-a208-47d8-94ed-1b3b4f7070e6,male,63,38056,1
fa9fcece-50ed-4af2-a35f-6be1f8b55fb5,female,49,93078,1
13f1484a-a55d-4720-a554-00224502d7f8,female,28,44113,1
9ba66e98-6791-40e0-b6fe-ce9a8f15c995,female,44,50846,1
a8294aab-afaf-4b68-a05b-f9e7c42b43fa,male,55,44606,0
4b511edb-7b76-4615-b6b1-465dbf2b6442,male,61,85806,1
a2a1fa45-1c52-451e-88fe-0b2d46b01630,female,50,39795,0
f94523fe-03cb-4f1e-9b9a-9bf50a78491f,male,25,83490,1
e2cbef40-7b38-4089-ba4a-bdecc8a86e3a,male,38,48407,0
9446d493-a4d6-4e54-a45c-c176b3f175d0,male,21,57425,1
07117e78-e70a-46e9-ab6b-96ecea3a5bf3,male,56,82349,0
4c15514d-b40e-4501-bb2c-2c428f6dc117,female,43,37179,1
8f815987-2539-4778-8ada-b689e0dd0541,male,59,57173,0
7837e506-9398-4bd6-96db-36e4d4ae3486,female,35,63123,0
dd6af484-024d-45de-af44-eaeb6734162f,male,51,39196,0
c5cf255f-278d-44f6-88df-480ea3b4e529,male,50,47640,0
bd8744d8-01a5-4ef1-950c-54d4f4098aef,female,27,73288,0
40fd8aaa-3504-426c-9f7e-07d3160d0b9e,female,39,93593,1
14b3f264-1598-434a-86c5-2c1b8923cba1,female,46,80291,1
6d05f2e3-8d20-4bea-bae3-98cf8ace37d3,male,32,48838,1
503a65d5-82ed-45ab-9fde-522dd429e0c9,male,22,48766,0
90b15e3d-a500-4582-a250-e9f908d17e63,male,60,38927,1
f0355088-5a2b-47fe-8d7e-444990b6e394,female,43,71835,1
c6f6d1d5-3b77-4a5f-9860-76e3832d5e70,male,64,80315,1
01c3df91-8327-4f64-8ae1-367a579e9b08,male,54,40085,1
c43eebcc-6f69-4d69-9e34-9e311c67556d,male,52,33183,0
5bd38392-91e5-4b3a-8a4e-6eb7f97b8d62,male,41,53569,1
c187715f-7baf-404d-bc6d-74a844ee5071,female,18,60953,1
58216f30-e31b-4123-b9ab-308fbe2b3272,male,20,92945,0
49ac2f36-b202-454f-a2a1-0ce2d545de36,female,31,33577,1
d36d8076-998b-4e1c-9f81-fca3ffb1c2c9,male,57,87891,1
6e107e22-fa71-49d6-93e8-28869411723a,male,50,86299,1
4b9368d9-6188-4ea0-9e5e-cd0a3cbafcaa,male,31,63412,0
ed825ea8-dda9-402a-964f-bdde895585be,female,47,61216,1
52722246-257e-4412-a215-74899fbd4b9f,male,27,63646,0
98b0b4d7-b5e1-4e19-b464-2bad89599298,male,46,92891,0
5ba1cdb6-99ae-49de-ae78-33c5b11bb2df,male,63,41638,1
63c2523d-4b32-4c86-b5d5-870de79d1be2,female,50,56481,1
